Workbook

Sheet Datos
A2: PARTE 1: DETERMINACIÓN DE D | U2: Incertidumbre | V2: 0,1 g
U3: Masa cilindro 1 | V3: 238,3 g | W3: h = 3,32 cm | X3: d = 3,53 cm
A4: PERIODO TRAS CINCO OSCILACIONES (seg) | B4: Medias | C4: Periodo | D4: Desviación muestral s | E4: u_(A) = s/(3)^1/2 | F4: u (tn) | G4: u (T) = u(tn) / n | H4: u (T^2) = 2 T u(T) | I4: Posición simétrica de los cilindros | J4: Medida (cm) | K4: T^2 | L4: R^2 | M4: R^2 (m^2) | U4: Masa cilindro 2 | V4: 238,1 g | W4: h = 3,32 cm | X4: d = 3,53 cm
A5: 37.18 | I5: 1 | J5: 30 | U5: Masa barra | V5: 131,1 g
A6: 37.5 | J6: 30 | U6: Masa esfera | V6: 948,1 g | X6: P = 46,0 cm (perímetro, cinta métrica) | Y6: D = P/π = 14,64 cm
A7: 37.66 | B7: =(A5+A6+A7)/3 -> 37.446667 | C7: =B7/5 -> 7.4893333 | D7: =STDEV(A5:A7) -> 0.24440404 | E7: =D7/SQRT(3) -> 0.14110674 | F7: =SQRT(E7^2+0.01^2/12) -> 0.14113626 | G7: =F7/5 -> 0.028227252 | H7: =2*C7*G7 -> 0.4228066 | J7: 30 | K7: =C7^2 -> 56.090114 | L7: =J7^2 -> 900 | M7: =L7/10000 -> 0.09 | U7: Masa cilindro hueco | V7: 399,5 g | W7: h = 9,05 cm | X7: d = 9,03 cm
A8: 31.87 | I8: 2 | J8: 25 | U8: Masa cilindro macizo | V8: 340,8 g | W8: h = 9,09 cm | X8: d = 8,94 cm
A9: 31.87 | J9: 25 | U9: Masa soporte (cilindro) | V9: 134,7 g | X9: d 9,99 cm
A10: 32.09 | B10: =(A8+A9+A10)/3 -> 31.943333 | C10: =B10/5 -> 6.3886667 | D10: =STDEV(A8:A10) -> 0.12701706 | E10: =D10/SQRT(3) -> 0.073333333 | F10: =SQRT(E10^2+0.01^2/12) -> 0.07339013 | G10: =F10/5 -> 0.014678026 | H10: =2*C10*G10 -> 0.18754603 | J10: 25 | K10: =C10^2 -> 40.815062 | L10: =J10^2 -> 625 | M10: =L10/10000 -> 0.0625 | U10: Longitud barra | V10: 60,0 cm
A11: 26.18 | I11: 3 | J11: 20 | U11: Resolución pie de rey | V11: 0,1 mm
A12: 26.35 | J12: 20
A13: 25.97 | B13: =(A11+A12+A13)/3 -> 26.166667 | C13: =B13/5 -> 5.2333333 | D13: =STDEV(A11:A13) -> 0.19035055 | E13: =D13/SQRT(3) -> 0.10989894 | F13: =SQRT(E13^2+0.01^2/12) -> 0.10993685 | G13: =F13/5 -> 0.02198737 | H13: =2*C13*G13 -> 0.23013447 | J13: 20 | K13: =C13^2 -> 27.387778 | L13: =J13^2 -> 400 | M13: =L13/10000 -> 0.04
A14: 20.78 | I14: 4 | J14: 15
A15: 20.85 | J15: 15
A16: 20.87 | B16: =(A14+A15+A16)/3 -> 20.833333 | C16: =B16/5 -> 4.1666667 | D16: =STDEV(A14:A16) -> 0.047258156 | E16: =D16/SQRT(3) -> 0.027284509 | F16: =SQRT(E16^2+0.01^2/12) -> 0.027436796 | G16: =F16/5 -> 0.0054873592 | H16: =2*C16*G16 -> 0.045727993 | J16: 15 | K16: =C16^2 -> 17.361111 | L16: =J16^2 -> 225 | M16: =L16/10000 -> 0.0225
A17: 16.28 | I17: 5 | J17: 10
A18: 16.37 | J18: 10
A19: 16.09 | B19: =(A17+A18+A19)/3 -> 16.246667 | C19: =B19/5 -> 3.2493333 | D19: =STDEV(A17:A19) -> 0.14294521 | E19: =D19/SQRT(3) -> 0.082529456 | F19: =SQRT(E19^2+0.01^2/12) -> 0.082579928 | G19: =F19/5 -> 0.016515986 | H19: =2*C19*G19 -> 0.10733188 | J19: 10 | K19: =C19^2 -> 10.558167 | L19: =J19^2 -> 100 | M19: =L19/10000 -> 0.01
A20: 12.87 | I20: 6 | J20: 5
A21: 12.53 | J21: 5
A22: 12.32 | B22: =(A20+A21+A22)/3 -> 12.573333 | C22: =B22/5 -> 2.5146667 | D22: =STDEV(A20:A22) -> 0.27754879 | E22: =D22/SQRT(3) -> 0.16024287 | F22: =SQRT(E22^2+0.01^2/12) -> 0.16026887 | G22: =F22/5 -> 0.032053774 | H22: =2*C22*G22 -> 0.16120912 | J22: 5 | K22: =C22^2 -> 6.3235484 | L22: =J22^2 -> 25 | M22: =L22/10000 -> 0.0025
A26: PARTE 2: PERIODO DE OSCILACIÓN DEL DISCO PERFORADO (ETIQUETA HACIA FUERA)
A28: PERIODO TRAS CINCO OSCILACIONES (seg) | B28: Medias | C28: Periodo | D28: Desviación muestral s | E28: u_(A) = s/(3)^1/2 | F28: u (tn) | G28: u (T) = u(tn) / n | H28: u (T^2) = 2 T u(T) | I28: Posición (cm) | K28: T^2 | L28: r^2 (cm^2) | M28: r^2 (m^2)
A29: 20.41 | I29: 0 (posición central)
A30: 20.85
A31: 20.53 | B31: =(A29+A30+A31)/3 -> 20.596667 | C31: =B31/5 -> 4.1193333 | D31: =STDEV(A29:A31) -> 0.22744963 | E31: =D31/SQRT(3) -> 0.1313181 | F31: =SQRT(E31^2+0.01^2/12) -> 0.13134983 | G31: =F31/5 -> 0.026269966 | H31: =2*C31*G31 -> 0.21642949 | K31: =C31^2 -> 16.968907 | L31: 0 | M31: =L31/10000 -> 0
A32: 20 | I32: 4 (posición 1 hacia nosotros)
A33: 19.94
A34: 19.78 | B34: =(A32+A33+A34)/3 -> 19.906667 | C34: =B34/5 -> 3.9813333 | D34: =STDEV(A32:A34) -> 0.11372481 | E34: =D34/SQRT(3) -> 0.065659052 | F34: =SQRT(E34^2+0.01^2/12) -> 0.065722481 | G34: =F34/5 -> 0.013144496 | H34: =2*C34*G34 -> 0.10466524 | K34: =C34^2 -> 15.851015 | L34: 16 | M34: =L34/10000 -> 0.0016
A35: 20.41 | I35: 8 (posición 2 hacia nosotros)
A36: 20.91
A37: 21.06 | B37: =(A35+A36+A37)/3 -> 20.793333 | C37: =B37/5 -> 4.1586667 | D37: =STDEV(A35:A37) -> 0.34034296 | E37: =D37/SQRT(3) -> 0.1964971 | F37: =SQRT(E37^2+0.01^2/12) -> 0.19651831 | G37: =F37/5 -> 0.039303661 | H37: =2*C37*G37 -> 0.32690165 | K37: =C37^2 -> 17.294508 | L37: 64 | M37: =L37/10000 -> 0.0064
A38: 22.5 | I38: 12 (posición 3 hacia nosotros)
A39: 22.22
A40: 22.94 | B40: =(A38+A39+A40)/3 -> 22.553333 | C40: =B40/5 -> 4.5106667 | D40: =STDEV(A38:A40) -> 0.36295087 | E40: =D40/SQRT(3) -> 0.20954978 | F40: =SQRT(E40^2+0.01^2/12) -> 0.20956966 | G40: =F40/5 -> 0.041913933 | H40: =2*C40*G40 -> 0.37811956 | K40: =C40^2 -> 20.346114 | L40: 144 | M40: =L40/10000 -> 0.0144
A41: 25.44 | I41: 16 (posición 4 hacia nosotros)
A42: 24.82
A43: 25.28 | B43: =(A41+A42+A43)/3 -> 25.18 | C43: =B43/5 -> 5.036 | D43: =STDEV(A41:A43) -> 0.32186954 | E43: =D43/SQRT(3) -> 0.18583146 | F43: =SQRT(E43^2+0.01^2/12) -> 0.18585389 | G43: =F43/5 -> 0.037170777 | H43: =2*C43*G43 -> 0.37438407 | K43: =C43^2 -> 25.361296 | L43: 256 | M43: =L43/10000 -> 0.0256
A44: (*** Invertimos la placa ***)
A45: 19.91 | I45: - 2 (posición central)
A46: 20.18
A47: 20.13 | B47: =(A45+A46+A47)/3 -> 20.073333 | C47: =B47/5 -> 4.0146667 | D47: =STDEV(A45:A47) -> 0.14364308 | E47: =D47/SQRT(3) -> 0.082932369 | F47: =SQRT(E47^2+0.01^2/12) -> 0.082982595 | G47: =F47/5 -> 0.016596519 | H47: =2*C47*G47 -> 0.13325898 | K47: =C47^2 -> 16.117548 | L47: 4 | M47: =L47/10000 -> 0.0004
A48: 19.75 | I48: - 4 (posición 1 hacia nosotros)
A49: 19.59
A50: 19.44 | B50: =(A48+A49+A50)/3 -> 19.593333 | C50: =B50/5 -> 3.9186667 | D50: =STDEV(A48:A50) -> 0.15502688 | E50: =D50/SQRT(3) -> 0.089504811 | F50: =SQRT(E50^2+0.01^2/12) -> 0.089551351 | G50: =F50/5 -> 0.01791027 | H50: =2*C50*G50 -> 0.14036876 | K50: =C50^2 -> 15.355948 | L50: 16 | M50: =L50/10000 -> 0.0016
A51: 20.63 | I51: - 8 (posición 2 hacia nosotros)
A52: 20.68
A53: 20.87 | B53: =(A51+A52+A53)/3 -> 20.726667 | C53: =B53/5 -> 4.1453333 | D53: =STDEV(A51:A53) -> 0.1266228 | E53: =D53/SQRT(3) -> 0.073105707 | F53: =SQRT(E53^2+0.01^2/12) -> 0.07316268 | G53: =F53/5 -> 0.014632536 | H53: =2*C53*G53 -> 0.12131348 | K53: =C53^2 -> 17.183788 | L53: 64 | M53: =L53/10000 -> 0.0064
A54: 21.75 | I54: - 12 (posición 3 hacia nosotros)
A55: 22.06
A56: 21.75 | B56: =(A54+A55+A56)/3 -> 21.853333 | C56: =B56/5 -> 4.3706667 | D56: =STDEV(A54:A56) -> 0.17897858 | E56: =D56/SQRT(3) -> 0.10333333 | F56: =SQRT(E56^2+0.01^2/12) -> 0.10337365 | G56: =F56/5 -> 0.02067473 | H56: =2*C56*G56 -> 0.1807247 | K56: =C56^2 -> 19.102727 | L56: 144 | M56: =L56/10000 -> 0.0144
A57: 24.09 | I57: - 16 (posición 4 hacia nosotros)
A58: 23.85
A59: 24.16 | B59: =(A57+A58+A59)/3 -> 24.033333 | C59: =B59/5 -> 4.8066667 | D59: =STDEV(A57:A59) -> 0.16258331 | E59: =D59/SQRT(3) -> 0.093867519 | F59: =SQRT(E59^2+0.01^2/12) -> 0.093911897 | G59: =F59/5 -> 0.018782379 | H59: =2*C59*G59 -> 0.18056127 | K59: =C59^2 -> 23.104044 | L59: 256 | M59: =L59/10000 -> 0.0256
A64: PARTE 3: MEDIDAS ESFERA, CILINDRO HUECO, CILINDRO MACIZO
A66: PERIODO TRAS CINCO OSCILACIONES (seg) | B66: Medias | C66: Periodo | D66: Desviación muestral s | E66: u_(A) = s/(3)^1/2 | F66: u (tn) | G66: u (T) = u(tn) / n | H66: u (T^2) = 2 T u(T) | I66: ELEMENTO/S EMPLEADO/S | J66: T^2 | K66: I_din (kg m^2) | L66: u(I_din) (kg m^2)
A67: 2.68 | I67: SOPORTE
A68: 2.68 | I68: SOPORTE
A69: 2.66 | B69: =(A67+A68+A69)/3 -> 2.6733333 | C69: =B69/5 -> 0.53466667 | D69: =STDEV(A67:A69) -> 0.011547005 | E69: =D69/SQRT(3) -> 0.0066666667 | F69: =SQRT(E69^2+0.01^2/12) -> 0.0072648316 | G69: =F69/5 -> 0.0014529663 | H69: =2*C69*G69 -> 0.0015537053 | I69: SOPORTE | J69: =C69^2 -> 0.28586844 | K69: =Resultados!$C$16*J69/(4*PI()^2) -> 0.00023835861 | L69: =SQRT((J69/(4*PI()^2)*Resultados!$C$17)^2+(Resultados!$C$16*C69/(2*PI()^2)*G69)^2) -> 1.9447146e-06
A70: 5.32 | I70: SOPORTE + CILINDRO HUECO
A71: 5.18 | I71: SOPORTE + CILINDRO HUECO
A72: 5.32 | B72: =(A70+A71+A72)/3 -> 5.2733333 | C72: =B72/5 -> 1.0546667 | D72: =STDEV(A70:A72) -> 0.080829038 | E72: =D72/SQRT(3) -> 0.046666667 | F72: =SQRT(E72^2+0.01^2/12) -> 0.046755867 | G72: =F72/5 -> 0.0093511734 | H72: =2*C72*G72 -> 0.019724742 | I72: SOPORTE + CILINDRO HUECO | J72: =C72^2 -> 1.1123218 | K72: =Resultados!$C$16*(J72-J69)/(4*PI()^2) -> 0.00068910113 | L72: =SQRT(((J72-J69)/(4*PI()^2)*Resultados!$C$17)^2+(Resultados!$C$16*C72/(2*PI()^2)*G72)^2+(Resultados!$C$16*C69/(2*PI()^2)*G69)^2) -> 1.7022071e-05
A73: 3.85 | I73: SOPORTE + CILINDRO MACIZO
A74: 3.85 | I74: SOPORTE + CILINDRO MACIZO
A75: 3.94 | B75: =(A73+A74+A75)/3 -> 3.88 | C75: =B75/5 -> 0.776 | D75: =STDEV(A73:A75) -> 0.051961524 | E75: =D75/SQRT(3) -> 0.03 | F75: =SQRT(E75^2+0.01^2/12) -> 0.030138569 | G75: =F75/5 -> 0.0060277138 | H75: =2*C75*G75 -> 0.0093550118 | I75: SOPORTE + CILINDRO MACIZO | J75: =C75^2 -> 0.602176 | K75: =Resultados!$C$16*(J75-J69)/(4*PI()^2) -> 0.0002637389 | L75: =SQRT(((J75-J69)/(4*PI()^2)*Resultados!$C$17)^2+(Resultados!$C$16*C75/(2*PI()^2)*G75)^2+(Resultados!$C$16*C69/(2*PI()^2)*G69)^2) -> 8.0683192e-06
A76: 7.53 | I76: ESFERA
A77: 7.47 | I77: ESFERA
A78: 7.28 | B78: =(A76+A77+A78)/3 -> 7.4266667 | C78: =B78/5 -> 1.4853333 | D78: =STDEV(A76:A78) -> 0.13051181 | E78: =D78/SQRT(3) -> 0.07535103 | F78: =SQRT(E78^2+0.01^2/12) -> 0.075406307 | G78: =F78/5 -> 0.015081261 | H78: =2*C78*G78 -> 0.0448014 | I78: ESFERA | J78: =C78^2 -> 2.2062151 | K78: =Resultados!$C$16*J78/(4*PI()^2) -> 0.0018395537 | L78: =SQRT((J78/(4*PI()^2)*Resultados!$C$17)^2+(Resultados!$C$16*C78/(2*PI()^2)*G78)^2) -> 3.8996648e-05
A80: Nota: los cilindros se midieron sobre el soporte, por lo que I_din = D (T^2 - T_s^2) / 4π^2; la esfera, directamente sobre el eje.
A82: Celdas en amarillo: corregidas o añadidas. Corrección principal: en la parte 2, T^2 se calculaba como el cuadrado de la media de t_5 (columna B) en lugar del cuadrado del periodo (columna C).

Sheet Resultados
B1: Práctica 1 · Momento de inercia. Teorema de Steiner — resultados
B2: Unidades SI. Incertidumbres típicas u; ampliadas U = t·u al 95 %. Ajustes por mínimos cuadrados ordinarios (sin ponderar).
B4: PARTE 1 · Constante de torsión D
B5: R^2 (m^2) | C5: T^2 (s^2) | D5: u(T^2) (s^2)
B6: =Datos!M7 -> 0.09 | C6: =Datos!K7 -> 56.090114 | D6: =Datos!H7 -> 0.4228066
B7: =Datos!M10 -> 0.0625 | C7: =Datos!K10 -> 40.815062 | D7: =Datos!H10 -> 0.18754603
B8: =Datos!M13 -> 0.04 | C8: =Datos!K13 -> 27.387778 | D8: =Datos!H13 -> 0.23013447
B9: =Datos!M16 -> 0.0225 | C9: =Datos!K16 -> 17.361111 | D9: =Datos!H16 -> 0.045727993
B10: =Datos!M19 -> 0.01 | C10: =Datos!K19 -> 10.558167 | D10: =Datos!H19 -> 0.10733188
B11: =Datos!M22 -> 0.0025 | C11: =Datos!K22 -> 6.3235484 | D11: =Datos!H22 -> 0.16120912
B13: Pendiente a (s^2/m^2) | C13: =SLOPE(C6:C11,B6:B11) -> 571.35644
B14: u(a) | C14: =STEYX(C6:C11,B6:B11)/SQRT(DEVSQ(B6:B11)) -> 3.4683628
B15: Ordenada b (s^2) | C15: =INTERCEPT(C6:C11,B6:B11) -> 4.7586983 | E15: u(b) | F15: =C14*SQRT(SUMSQ(B6:B11)/COUNT(B6:B11)) -> 0.16884166
B16: D = 8π² m_c / a (N m/rad) | C16: =8*PI()^2*C21/C13 -> 0.032917312 | D16: m_c = media de los dos cilindros
B17: u(D) | C17: =C16*SQRT((C22/C21)^2+(C14/C13)^2) -> 0.00020029857
B18: t(95 %, ν = N−2 = 4) | C18: =TINV(0.05,COUNT(B6:B11)-2) -> 2.7764451
B19: U(D) = t·u(D) | C19: =C18*C17 -> 0.00055611799
B20: Coeficiente de correlación r | C20: =CORREL(B6:B11,C6:C11) -> 0.99992631
B21: m_c media (kg) | C21: =(0.2383+0.2381)/2 -> 0.2382
B22: u(m_c) (kg) | C22: =0.0001 -> 0.0001
B24: I_b = m_b L^2 / 12 (kg m^2) | C24: =0.1311*0.6^2/12 -> 0.003933
B25: u(I_b) | C25: =SQRT((0.6^2/12*0.0001)^2+(0.1311*0.6/6*0.001)^2) -> 1.344887e-05 | D25: u(m_b) = 0,1 g; u(L) = 1 mm
B26: I_c (m_c media) = m_c (d²/16 + h²/12) | C26: =C21*(0.0353^2/16+0.0332^2/12) -> 4.0430629e-05
B27: u(I_c) | C27: =SQRT(((0.0353^2/16+0.0332^2/12)*C22)^2+(C21*0.0353/8*0.0001)^2+(C21*0.0332/6*0.0001)^2) -> 1.694332e-07 | D27: u(d) = u(h) = 0,1 mm (pie de rey)
B28: Ordenada teórica 4π²(I_b + 2 I_c)/D (s^2) | C28: =4*PI()^2*(C24+2*C26)/C16 -> 4.8139074
B30: PARTE 2 · Teorema de Steiner (disco perforado)
B31: r^2 (m^2) serie 1 | C31: T^2 serie 1 | D31: r^2 (m^2) serie 2 | E31: T^2 serie 2
B32: =Datos!M31 -> 0 | C32: =Datos!K31 -> 16.968907 | D32: =Datos!M47 -> 0.0004 | E32: =Datos!K47 -> 16.117548
B33: =Datos!M34 -> 0.0016 | C33: =Datos!K34 -> 15.851015 | D33: =Datos!M50 -> 0.0016 | E33: =Datos!K50 -> 15.355948
B34: =Datos!M37 -> 0.0064 | C34: =Datos!K37 -> 17.294508 | D34: =Datos!M53 -> 0.0064 | E34: =Datos!K53 -> 17.183788
B35: =Datos!M40 -> 0.0144 | C35: =Datos!K40 -> 20.346114 | D35: =Datos!M56 -> 0.0144 | E35: =Datos!K56 -> 19.102727
B36: =Datos!M43 -> 0.0256 | C36: =Datos!K43 -> 25.361296 | D36: =Datos!M59 -> 0.0256 | E36: =Datos!K59 -> 23.104044
C38: Serie 1 (r ≥ 0) | E38: Serie 2 (r < 0)
B39: Pendiente a (s^2/m^2) | C39: =SLOPE(C32:C36,B32:B36) -> 355.58106 | E39: =SLOPE(E32:E36,D32:D36) -> 292.24715
B40: u(a) | C40: =STEYX(C32:C36,B32:B36)/SQRT(DEVSQ(B32:B36)) -> 45.550636 | E40: =STEYX(E32:E36,D32:D36)/SQRT(DEVSQ(D32:D36)) -> 26.456285
B41: Ordenada b (s^2) | C41: =INTERCEPT(C32:C36,B32:B36) -> 15.75079 | E41: =INTERCEPT(E32:E36,D32:D36) -> 15.343859
B42: u(b) | C42: =C40*SQRT(SUMSQ(B32:B36)/COUNT(B32:B36)) -> 0.61324083 | E42: =E40*SQRT(SUMSQ(D32:D36)/COUNT(D32:D36)) -> 0.35620812
B43: Coeficiente de correlación r | C43: =CORREL(B32:B36,C32:C36) -> 0.97625794 | E43: =CORREL(D32:D36,E32:E36) -> 0.98792939
B44: t(95 %, ν = 3) | C44: =TINV(0.05,COUNT(B32:B36)-2) -> 3.1824463 | E44: =TINV(0.05,COUNT(D32:D36)-2) -> 3.1824463
B45: U(a) | C45: =C44*C40 -> 144.96245 | E45: =E44*E40 -> 84.195708
B46: U(b) | C46: =C44*C42 -> 1.951606 | E46: =E44*E42 -> 1.1336132
B47: Masa m = D a / 4π² (kg) | C47: =$C$16*C39/(4*PI()^2) -> 0.29648535 | E47: =$C$16*E39/(4*PI()^2) -> 0.24367721
B48: U(m) | C48: =C44*C47*SQRT(($C$17/$C$16)^2+(C40/C39)^2) -> 0.12100674 | E48: =E44*E47*SQRT(($C$17/$C$16)^2+(E40/E39)^2) -> 0.070361234
B49: I_CM = D b / 4π² (kg m^2) | C49: =$C$16*C41/(4*PI()^2) -> 0.013133091 | E49: =$C$16*E41/(4*PI()^2) -> 0.01279379
B50: U(I_CM) | C50: =C44*C49*SQRT(($C$17/$C$16)^2+(C42/C41)^2) -> 0.001647013 | E50: =E44*E49*SQRT(($C$17/$C$16)^2+(E42/E41)^2) -> 0.00097714228
B53: PARTE 3 · Momentos de inercia de los sólidos
B54: Sólido | C54: I_din (kg m^2) | D54: u(I_din) | E54: I_geo (kg m^2) | F54: u(I_geo) | G54: I_din − I_geo (%)
B55: Soporte | C55: =Datos!K69 -> 0.00023835861 | D55: =Datos!L69 -> 1.9447146e-06
B56: Cilindro hueco (MR², pared delgada) | C56: =Datos!K72 -> 0.00068910113 | D56: =Datos!L72 -> 1.7022071e-05 | E56: =0.3995*(0.0903/2)^2 -> 0.00081438974 | F56: =E56*SQRT((0.0001/0.3995)^2+(2*0.0001/0.0903)^2) -> 1.8152253e-06 | G56: =100*(C56-E56)/E56 -> -15.384355
B57: Cilindro macizo (½MR²) | C57: =Datos!K75 -> 0.0002637389 | D57: =Datos!L75 -> 8.0683192e-06 | E57: =0.5*0.3408*(0.0894/2)^2 -> 0.00034047454 | F57: =E57*SQRT((0.0001/0.3408)^2+(2*0.0001/0.0894)^2) -> 7.682119e-07 | G57: =100*(C57-E57)/E57 -> -22.537849
B58: Esfera (2/5 MR², R = P/2π) | C58: =Datos!K78 -> 0.0018395537 | D58: =Datos!L78 -> 3.8996648e-05 | E58: =0.9481*0.46^2/(10*PI()^2) -> 0.0020326849 | F58: =E58*SQRT((0.0001/0.9481)^2+(2*0.001/0.46)^2) -> 8.8403606e-06 | G58: =100*(C58-E58)/E58 -> -9.5012844
B60: U(I_din) = 4,30·u (ν_eff ≈ 2, Welch–Satterthwaite); U(I_geo) = 1,96·u (magnitudes evaluadas por su resolución).
